;Value;Std err;t-test;p-value;Rob. Std err;Rob. t-test;Rob. p-value
ASC_YES;-1.4701305372209617;0.1776304912380055;-8.276341111116711;2.220446049250313e-16;0.17899814906129452;-8.213104688124698;2.220446049250313e-16
BETA_COST;-0.5710233190615861;0.19740973100106546;-2.8925793888980285;0.0038209260476389506;0.20025060009878048;-2.851543609756521;0.004350751781894813
BETA_HIGH_INC_COST;0.4013535291281346;0.15056911413119234;2.6655767448988996;0.007685638732055633;0.15113127503990306;2.65566163603242;0.00791529904802224
BETA_HIGH_MEDIUM_COST;0.39364191821204103;0.12689904143040678;3.1020086028618254;0.0019221237241338063;0.12742038550417276;3.0893166478385052;0.002006174939461758
BETA_NCHILD;0.05106854341678295;0.044215990595425705;1.1549790636617823;0.24809900012557473;0.04525629165897083;1.1284296955130657;0.25913849254747845
BETA_NEIGHB;0.42936340430013065;0.11810529541491273;3.6354289008951284;0.0002775185280647907;0.11751097430105664;3.653815372172179;0.00025837208769163844
BETA_PSENIORS;0.23725847777727427;0.135359745709047;1.7527993757261964;0.07963645035940736;0.1342960137831336;1.7666829498037702;0.07728134037991596
BETA_PTRANSP;-0.33516115322407386;0.1267629439622899;-2.6439994429584983;0.008193279099659057;0.12732784504370379;-2.63226910899995;0.008481665139575156
